,modelName,recall@5,recall@10,precision@5,precision@10,mrr
0,Prompted LLM recommender,0.1380641925777332,0.21730190571715147,0.025573770491803278,0.02098360655737705,0.08105054953249308
