,modelName,recall@5,recall@10,precision@5,precision@10,mrr
0,Prompted LLM recommender,0.1454864593781344,0.23390170511534603,0.028852459016393443,0.023934426229508195,0.09568418784374297
