,modelName,recall@5,recall@10,precision@5,precision@10,mrr
0,Prompted LLM recommender,0.12296890672016048,0.2017051153460381,0.024262295081967214,0.021967213114754098,0.08224582928482754
