,modelName,recall@5,recall@10,precision@5,precision@10,mrr
0,Content-Based,0.09784353059177532,0.1575727181544634,0.008524590163934427,0.008524590163934427,0.03620468193978314
