,modelName,recall@5,recall@10,precision@5,precision@10,mrr
0,LowDataHybrid,0.43050748778988907,0.49822104343888474,0.31475409836065577,0.2768852459016393,0.4646936513918344
