,modelName,recall@5,recall@10,precision@5,precision@10,mrr
0,Collaborative Filtering,0.3991493353171394,0.4862535174822913,0.2878688524590164,0.2640983606557377,0.4323158145149748
