,modelName,recall@5,recall@10,precision@5,precision@10,mrr
0,Prompted LLM recommender,0.1537111334002006,0.2334002006018054,0.03278688524590164,0.028360655737704916,0.10599291412446271
