,modelName,recall@5,recall@10,precision@5,precision@10,mrr
0,LowDataHybrid,0.4503009027081244,0.5799899699097292,0.1137704918032787,0.09655737704918033,0.2460016927627567
