,modelName,recall@5,recall@10,precision@5,precision@10,mrr
0,Popularity,0.37818455366098297,0.5154964894684052,0.09147540983606557,0.07442622950819672,0.20606376283963398
