,modelName,recall@5,recall@10,precision@5,precision@10,mrr
0,Prompted LLM recommender,0.11691210633698967,0.18580692079267924,0.09311475409836066,0.08147540983606558,0.22194117764827773
