,modelName,recall@5,recall@10,precision@5,precision@10,mrr
0,Prompted LLM recommender,0.12028980819613805,0.193016786881004,0.06819672131147542,0.05672131147540983,0.18386487851882763
