,modelName,recall@5,recall@10,precision@5,precision@10,mrr
0,Mean Vector LLM recommender,0.14287863590772318,0.22337011033099297,0.03770491803278689,0.02901639344262295,0.10930804646642212
