,modelName,recall@5,recall@10,precision@5,precision@10,mrr
0,Content-Based,0.09090358160111509,0.14539522857200574,0.06655737704918033,0.05868852459016394,0.1653391762481425
