,modelName,recall@5,recall@10,precision@5,precision@10,mrr
0,SwitchingHybrid,0.42720833198563896,0.4960701232331727,0.3160655737704918,0.28,0.4687868111177988
