,modelName,recall@5,recall@10,precision@5,precision@10,mrr
0,Hybrid,0.4386659979939819,0.5786359077231695,0.10655737704918032,0.08885245901639344,0.24434237503009132
