,modelName,recall@5,recall@10,precision@5,precision@10,mrr
0,Popularity,0.4849908086378603,0.5869139244086217,0.460655737704918,0.41737704918032786,0.6319901364390139
