,modelName,recall@5,recall@10,precision@5,precision@10,mrr
0,Content-Based,0.08872141540252935,0.14631109098554193,0.035081967213114754,0.03295081967213115,0.10321725708304212
