,modelName,recall@5,recall@10,precision@5,precision@10,mrr
0,Collaborative Filtering,0.459679037111334,0.5784854563691073,0.12524590163934426,0.11081967213114755,0.2620996033334326
