,modelName,recall@5,recall@10,precision@5,precision@10,mrr
0,SwitchingHybrid,0.47477116149691106,0.5856971892486335,0.3160655737704918,0.2831147540983607,0.4659146993851347
