,modelName,recall@5,recall@10,precision@5,precision@10,mrr
0,Prompted LLM recommender,0.18665997993981945,0.28696088264794384,0.0013114754098360656,0.0022950819672131148,0.019769891901517716
