,modelName,recall@5,recall@10,precision@5,precision@10,mrr
0,Hybrid,0.2954568409995354,0.3964204189645072,0.24459016393442623,0.18885245901639344,0.4503448779651564
