,modelName,recall@5,recall@10,precision@5,precision@10,mrr
0,LowDataHybrid,0.4511039734965558,0.5560673090519767,0.4662295081967213,0.4257377049180328,0.6342596323105851
