,modelName,recall@5,recall@10,precision@5,precision@10,mrr
0,Mean Vector LLM recommender,0.1004012036108325,0.1681544633901705,0.015081967213114755,0.01360655737704918,0.04703858142680275
