,modelName,recall@5,recall@10,precision@5,precision@10,mrr
0,LowDataHybrid,0.44979939819458375,0.5802407221664995,0.1137704918032787,0.09721311475409836,0.2443387500518586
