,modelName,recall@5,recall@10,precision@5,precision@10,mrr
0,Popularity,0.4709221463919526,0.588964000388136,0.30295081967213117,0.26885245901639343,0.45516061074189224
