,modelName,recall@5,recall@10,precision@5,precision@10,mrr
0,Hybrid,0.388831387262671,0.48662548112688814,0.1980327868852459,0.17065573770491804,0.3979845074514661
