,modelName,recall@5,recall@10,precision@5,precision@10,mrr
0,Collaborative Filtering,0.28066985839242065,0.36345272003716944,0.4065573770491803,0.34491803278688526,0.5903787157511831
