,modelName,recall@5,recall@10,precision@5,precision@10,mrr
0,Prompted LLM recommender,0.14262788365095286,0.22392176529588767,0.03770491803278689,0.029672131147540984,0.11345004677904223
